[
    {
        "Id": "1000000",
        "Username": "pranesh.mohan@kronos.com",
        "Firstname": "Pranesh",
        "Lastname": "Mohan",
        "Jobtitle": "Consultant",
        "Department": "Information Technology",
        "Contact": ["878-333","646-232-789"],
        "Address": 
        {
            "StreetName":"1st street",
            "City": "Chennai,Mh",
            "Zip Or Postal Code": "600122",
            "Country Or Region": "India"
        }
    },
    {
        "Id": "1111111",
        "Username": "mukesh.ravi@kronos.com",
        "Firstname": "Mukesh",
        "Lastname": "Ravi",
        "Jobtitle": "Lead Consultant",
        "Department": "Information Technology",
        "Contact": ["986-576","123|432|1234"],
        "Address": 
        {
            "StreetName":"2nd street",
            "City": "Chennai,Tn",
            "Zip Or Postal Code": "56565",
            "Country Or Region": "India"
        }
    }
]