[
    {
        "Id": "1000200",
        "Username": "hris.Green@kronos.com",
        "Firstname": "Chris",
        "Lastname": "Green_",
        "Jobtitle": "It Manager",
        "Department": "Information Technology",
        "Contact": ["123-451","123-555-9821"],
        "Address": 
        {
            "StreetName":"Microsoft Way1",
            "City": "Mumbai,Mh",
            "Zip Or Postal Code": "600122",
            "Country Or Region": "India"
        }
    },
    {
        "Id": "1000201",
        "Username": "Ben.Andrews@kronos.com",
        "Firstname": "Ben",
        "Lastname": "/Andrews",
        "Jobtitle": "It Manager",
        "Department": "Information Technology",
        "Contact": ["986-576","723|555|0821"],
        "Address": 
        {
            "StreetName":"Microsoft Way2",
            "City": "Chennai,Tn",
            "Zip Or Postal Code": "56565",
            "Country Or Region": "India"
        }
    },
    {
        "Id": "1000202",
        "Username": "David.Longmuir@kronos.com",
        "Firstname": "David",
        "Lastname": "Long5muir",
        "Jobtitle": "It Manager",
        "Department": "Information Technology",
        "Contact": ["565-765","3335556841"],
        "Address": 
        {
            "StreetName":"Microsoft Way3",
            "City": "Redmond,Wa",
            "Zip Or Postal Code": "98052",
            "Country Or Region": "United States"
        }
    },
    {
        "Id": "1000203",
        "Username": "Cynthia.Carey@kronos.com",
        "Firstname": "Cynthia",
        "Lastname": "Carey",
        "Jobtitle": "It Manager",
        "Department": "Information Technology",
        "Contact": ["787-451","A444-555-9821"],
        "Address": 
        {
            "StreetName":"Microsoft Way4",
            "City": "Redmond,Wa",
            "Zip Or Postal Code": "98052",
            "Country Or Region": "United States"
        }
    },
    {
        "Id": "1000204",
        "Username": "Melissa.Macbeth@kronos.com",
        "Firstname": "Melissa",
        "Lastname": "Macb-eth",
        "Jobtitle": "It Manager",
        "Department": "Information Technology",
        "Contact": ["124-366","923-995-6655"],
        "Address": 
        {
            "StreetName":"Microsoft Way5",
            "City": "Redmond,Wa",
            "Zip Or Postal Code": "98052",
            "Country Or Region": "United States"
        }
    },
    {
        "Id": "1000205",
        "Username": "Christopher.Greendoor@kronos.com",
        "Firstname": "Christopher",
        "Lastname": "Greendoor.",
        "Jobtitle": "It Manager",
        "Department": "Information Technology",
        "Contact": ["878-451","565-454-232"],
        "Address": 
        {
            "StreetName":"Microsoft Way6",
            "City": "NewYork,La",
            "Zip Or Postal Code": "98052",
            "Country Or Region": "United States"
        }
    },
    {
        "Id": "1000205",
        "Username": "Christopher.Greendoor@kronos.com",
        "Firstname": "Christopher",
        "Lastname": "Greendoor.",
        "Jobtitle": "It Manager",
        "Department": "Information Technology",
        "Contact": ["878-451","565-454-232"],
        "Address": 
        {
            "StreetName":"Microsoft Way6",
            "City": "NewYork,La",
            "Zip Or Postal Code": "98052",
            "Country Or Region": "United States"
        }
    }
]